sample,collection
B1234,BellyButtonsMuseum2
B1235,BellyButtonsMuseum2
B1236,BellyButtonsMuseum2
B1237,BellyButtonsMuseum2
B1242,BellyButtonsMuseum2
B1243,BellyButtonsMuseum2
B1246,BellyButtonsMuseum2
B1253,BellyButtonsMuseum2
B1254,BellyButtonsMuseum2
B1258,BellyButtonsMuseum2
B1259,BellyButtonsMuseum2
B1260,BellyButtonsMuseum2
B1264,BellyButtonsMuseum2
B1265,BellyButtonsMuseum2
B1273,BellyButtonsMuseum2
B1275,BellyButtonsMuseum2
B1278,BellyButtonsMuseum2
B1280,BellyButtonsMuseum2
B1282,BellyButtonsMuseum2
B1283,BellyButtonsMuseum2
B1284,BellyButtonsMuseum2
B1285,BellyButtonsMuseum2
B1286,BellyButtonsMuseum2
B1288,BellyButtonsMuseum2
B1289,BellyButtonsMuseum2
B1291,BellyButtonsMuseum2
B1292,BellyButtonsMuseum2
B1293,BellyButtonsMuseum2
B1294,BellyButtonsMuseum2
B1295,BellyButtonsMuseum2
B1296,BellyButtonsMuseum2
B1298,BellyButtonsMuseum2
B1308,BellyButtonsMuseum2
B1310,BellyButtonsMuseum2
B1374,BellyButtonsMuseum2
B940,BellyButtonsScienceOnline
B941,BellyButtonsScienceOnline
B944,BellyButtonsScienceOnline
B945,BellyButtonsScienceOnline
B946,BellyButtonsScienceOnline
B947,BellyButtonsScienceOnline
B948,BellyButtonsScienceOnline
B950,BellyButtonsScienceOnline
B952,BellyButtonsScienceOnline
B953,BellyButtonsScienceOnline
B954,BellyButtonsScienceOnline
B955,BellyButtonsScienceOnline
B956,BellyButtonsScienceOnline
B957,BellyButtonsScienceOnline
B958,BellyButtonsScienceOnline
B961,BellyButtonsScienceOnline
B962,BellyButtonsScienceOnline
B963,BellyButtonsScienceOnline
B966,BellyButtonsScienceOnline
B967,BellyButtonsScienceOnline
B968,BellyButtonsScienceOnline
B971,BellyButtonsScienceOnline
B972,BellyButtonsScienceOnline
B974,BellyButtonsScienceOnline
B975,BellyButtonsScienceOnline
,
,
,
,
,
,
,
,
,
,
,
